source,title,summary,published,link,scraped_at
BBC,Allies of US in the Gulf bear brunt of Iran attacks,Iran's attacks on Gulf Arab states suggest the Islamic Republic is targeting not just the US military but also civilian infrastructure.,"Sun, 01 Mar 2026 22:19:03 GMT",https://www.bbc.com/news/articles/c1jk922dgjgo?at_medium=RSS&at_campaign=rss,2026-03-02 12:53:54.525642
BBC,Oil prices rise after ships attacked near Strait of Hormuz,Experts have warned that a prolonged conflict could push global energy prices even higher.,"Mon, 02 Mar 2026 06:53:43 GMT",https://www.bbc.com/news/articles/c75evve6l63o?at_medium=RSS&at_campaign=rss,2026-03-02 12:53:54.525655
BBC,Michael B Jordan upends Oscars race as Sinners wins big at Actor Awards,The US star's best actor win for Sinners leaves the Oscars race too close to call.,"Mon, 02 Mar 2026 05:08:35 GMT",https://www.bbc.com/news/articles/clyzklvk79yo?at_medium=RSS&at_campaign=rss,2026-03-02 12:53:54.525664
BBC,"At least 153 dead after reported strike on school, Iran says","Iran has blamed the US and Israel for the strike; the US is looking into reports of the incident, while the IDF says it is ""not aware"" of operations in the area.","Sun, 01 Mar 2026 15:32:26 GMT",https://www.bbc.com/news/articles/c1l7rvqq51eo?at_medium=RSS&at_campaign=rss,2026-03-02 12:53:54.525666
BBC,Nine dead in missile attack on Israel as Iran strikes region,Several deaths are reported across the Middle East as Tehran retaliates for massive strikes by the US and Israel.,"Sun, 01 Mar 2026 22:24:27 GMT",https://www.bbc.com/news/articles/c363zkp1pgxo?at_medium=RSS&at_campaign=rss,2026-03-02 12:53:54.525668
BBC,"Deadly Texas bar shooting 'potentially act of terrorism', FBI says","Two people were killed and 14 injured, with the suspected gunman, identified by some media outlets, also shot dead.","Sun, 01 Mar 2026 23:17:32 GMT",https://www.bbc.com/news/articles/cgjznzgly0po?at_medium=RSS&at_campaign=rss,2026-03-02 12:53:54.525670
BBC,War photographer Paul Conroy dies as tributes paid,"Jamie Doran played the photographer, who has died aged 61, in the 2018 movie A Private War.","Sun, 01 Mar 2026 19:47:03 GMT",https://www.bbc.com/news/articles/c5y6jvlv83ro?at_medium=RSS&at_campaign=rss,2026-03-02 12:53:54.525672
BBC,Why is WhatsApp's privacy policy facing a legal challenge in India?,A 2021 policy update requires users to share data with Meta for ads purposes to continue using the app.,"Sun, 01 Mar 2026 00:21:43 GMT",https://www.bbc.com/news/articles/cp81wegj123o?at_medium=RSS&at_campaign=rss,2026-03-02 12:53:54.525674
BBC,What we know so far about the US-Israel attacks and Iran's retaliation,Iran responds by launching missiles and drones towards Israel and four Gulf Arab countries that host US military bases.,"Sun, 01 Mar 2026 21:45:33 GMT",https://www.bbc.com/news/articles/cx2dyz6p3weo?at_medium=RSS&at_campaign=rss,2026-03-02 12:53:54.525676
BBC,Aid groups in Gaza and West Bank thrown lifeline as Israel court pauses ban threat,"Dozens of well-known groups faced shutdown under a new Israeli law, although the reprieve might be temporary.","Fri, 27 Feb 2026 20:31:27 GMT",https://www.bbc.com/news/articles/cd6z382de8yo?at_medium=RSS&at_campaign=rss,2026-03-02 12:53:54.525681
BBC,At least 20 killed after military plane carrying banknotes crashes in Bolivia,Police fire tear gas to disperse crowds allegedly trying to take banknotes from the crash site.,"Sat, 28 Feb 2026 13:00:39 GMT",https://www.bbc.com/news/articles/c0rjpxxpp49o?at_medium=RSS&at_campaign=rss,2026-03-02 12:53:54.525684
BBC,Iran's regime is still intact - the coming days will show if it can hold out,"Iran's surviving leaders are in crisis mode, battling to project security as US and Israel strikes continue.","Sun, 01 Mar 2026 18:05:06 GMT",https://www.bbc.com/news/articles/cx2lgvg5rl1o?at_medium=RSS&at_campaign=rss,2026-03-02 12:53:54.525686
BBC,Months of planning behind US-Israeli mission to target Iran's supreme leader,A piece of crucial intelligence arrived just hours before the attack on a compound in central Tehran.,"Sun, 01 Mar 2026 14:45:56 GMT",https://www.bbc.com/news/articles/c86y5540vnno?at_medium=RSS&at_campaign=rss,2026-03-02 12:53:54.525688
BBC,Ayatollah Khamenei's iron grip on power in Iran comes to an end,Iranian state TV confirms the supreme leader has been killed on the first day of massive US and Israeli air strikes on the country.,"Sun, 01 Mar 2026 01:47:42 GMT",https://www.bbc.com/news/articles/c3gdnpjvj4ko?at_medium=RSS&at_campaign=rss,2026-03-02 12:53:54.525689
BBC,"What the Warner Bros deal could mean for streaming, cinemas and news",If Paramount's takeover of Warner Bros goes ahead it could significantly reshape Hollywood.,"Fri, 27 Feb 2026 21:46:14 GMT",https://www.bbc.com/news/articles/c20j5n2w4q6o?at_medium=RSS&at_campaign=rss,2026-03-02 12:53:54.525703
BBC,How Ghislaine Maxwell brought Bill Clinton into Epstein's orbit,Documents in the Epstein files reveal how Maxwell nurtured the connection between the two men after Clinton left the White House.,"Fri, 27 Feb 2026 21:48:24 GMT",https://www.bbc.com/news/articles/cp85jdqdyq7o?at_medium=RSS&at_campaign=rss,2026-03-02 12:53:54.525708
BBC,Watch: Retaliations continue on day two of US-Israel attacks on Iran,Donald Trump warned of more US deaths after three US service members have been killed in action on the second day of US-Israel attack on Iran.,"Sun, 01 Mar 2026 23:18:27 GMT",https://www.bbc.com/news/videos/cvgk8vj56v1o?at_medium=RSS&at_campaign=rss,2026-03-02 12:53:54.525710
BBC,Watch: Moment Iran's state TV announces Supreme Leader has been killed,Iran's state media has confirmed that Supreme Leader Ali Khamenei has been killed.,"Sun, 01 Mar 2026 05:11:16 GMT",https://www.bbc.com/news/videos/clyxdnxe1qvo?at_medium=RSS&at_campaign=rss,2026-03-02 12:53:54.525713
BBC,Watch: How US-Israel strikes on Iran unfolded... in two minutes,Iran launched retaliatory attacks in the Middle East after US-Israel strikes across the country.,"Sun, 01 Mar 2026 13:49:35 GMT",https://www.bbc.com/news/videos/clyv5rnd8r0o?at_medium=RSS&at_campaign=rss,2026-03-02 12:53:54.525715
BBC,Celebrations around the world after strikes on Iran,"People in the UK, Spain and the United States celebrated on Saturday following news of the strikes.","Sun, 01 Mar 2026 06:22:30 GMT",https://www.bbc.com/news/videos/c2d1zj43zr6o?at_medium=RSS&at_campaign=rss,2026-03-02 12:53:54.525717
Guardian,Ghana says at least 55 of its people killed after Russia ‘lured’ them to fight Ukraine,"<p>Foreign minister says 272 Ghanaians are thought to have been drawn into battle since 2022, after he visited Kyiv</p><p>At least 55 Ghanaians have been killed in Russia’s war with Ukraine after being “lured into battle”, Ghana’s foreign minister has said after a visit to Kyiv in which officials raised the issue of Russian recruitment of African people.</p><p>Reports of African men being attracted to Russia by promises of jobs and ending up on Ukraine’s frontlines have become more frequent in recent months, creating tensions between Moscow and some of the countries involved.</p> <a href=""https://www.theguardian.com/world/2026/feb/27/ghana-men-killed-fight-russia-ukraine"">Continue reading...</a>","Fri, 27 Feb 2026 16:42:39 GMT",https://www.theguardian.com/world/2026/feb/27/ghana-men-killed-fight-russia-ukraine,2026-03-02 12:53:54.889768
Guardian,Rising anger over ‘lop-sided’ and ‘immoral’ US health funding pacts with African countries,"<p>Zimbabwe refuses to sign agreement and Kenya faces a court case over data sharing as new aid deals come under scrutiny</p><p>A series of bilateral health agreements being negotiated between African countries and the administration of President Donald Trump have been labelled “clearly lop-sided” and “immoral” amid growing outrage at US demands, including countries being forced to share biological resources and data.</p><p>It emerged this week that Zimbabwe had halted negotiations with the US for $350m (£258m) of health funding, saying the proposals risked undermining its sovereignty and independence.</p> <a href=""https://www.theguardian.com/global-development/2026/feb/27/rising-anger-over-lop-sided-immoral-us-health-funding-pacts-africa-countries"">Continue reading...</a>","Fri, 27 Feb 2026 07:00:34 GMT",https://www.theguardian.com/global-development/2026/feb/27/rising-anger-over-lop-sided-immoral-us-health-funding-pacts-africa-countries,2026-03-02 12:53:54.889787
Guardian,Two women arrested in Uganda for allegedly kissing in public could face life sentence,"<p>Wendy Faith and Alesi Diana Denise were taken into custody under laws that have outraged LGBTQ+ community and rights activists</p><p>Two women have been arrested and detained in Uganda after allegedly kissing in public, an act of “same-sex activity” which can lead to a life sentence in the east African country..</p><p>Wendy Faith, a 22-year-old musician known as Torrero Bae, and Alesi Diana Denise, 21, were taken into custody after police raided their rented room in Uganda’s north-west Arua City last week.</p> <a href=""https://www.theguardian.com/global-development/2026/feb/26/women-arrested-uganda-kissing-public-lgbtq-laws"">Continue reading...</a>","Thu, 26 Feb 2026 08:00:23 GMT",https://www.theguardian.com/global-development/2026/feb/26/women-arrested-uganda-kissing-public-lgbtq-laws,2026-03-02 12:53:54.889797
Guardian,‘A devastating force’: how recent storms turned to tragedies across the western Mediterranean,"<p>Atmospheric machine-gun has fired storm after deadly storm at the region this year, leaving a trail of widespread destruction</p><p>For Andrés Sánchez Barea, in Spain, it was the fear that arose when water started to spurt from plug sockets. For Nelson Duarte, in Portugal, it was the helplessness that hit as violent winds smacked down trees and tore tiles from roofs. For Amal Essuide, in Morocco, it was the reality that dawned when a corpse was pulled onboard a boat in the flooded medina.</p><p>Each moment of horror is a fragment of the destruction wrought by an atmospheric machine-gun that in recent weeks has fired storm after storm at the western Mediterranean. Scientists do not know if climate breakdown helped pull the trigger, but <a href=""https://mcusercontent.com/854a9a3e09405d4ab19a4a9d5/files/72a50dc0-ae76-c9dd-df6e-71725879b52f/WWA_Scientific_report_Mediterranean_Storms.pdf"">research suggests it loaded the chamber</a> with bigger bullets.</p> <a href=""https://www.theguardian.com/world/2026/feb/26/recent-mediterranean-storms-tragedies-spain-portugal-morocco"">Continue reading...</a>","Thu, 26 Feb 2026 05:00:21 GMT",https://www.theguardian.com/world/2026/feb/26/recent-mediterranean-storms-tragedies-spain-portugal-morocco,2026-03-02 12:53:54.889811
Guardian,US accused of ‘shameless exploitation’ over proposed Zambian health aid deal,"<p>Leaked draft of $1bn memorandum of understanding reveals mandatory targets, sharing of data, and reported access to mining concessions</p><p>The US has been accused of “shameless exploitation” over a health financing agreement with Zambia worth more than $1bn (£740m), amid warnings that the country is getting a raw deal from the Trump administration.</p><p>A leaked draft of a five-year memorandum of understanding (MOU) between the two countries, seen by the Guardian, reveals that Zambia may accept terms worse than health financing agreements the US has reached <a href=""https://www.cgdev.org/publication/rolling-out-trump-administrations-global-health-agreements-what-can-we-learn-past"">with 16 other African countries</a>.</p> <a href=""https://www.theguardian.com/global-development/2026/feb/25/zambia-us-health-aid-deal-exploitation-mining-concessions-data-sharing-targets"">Continue reading...</a>","Wed, 25 Feb 2026 13:00:36 GMT",https://www.theguardian.com/global-development/2026/feb/25/zambia-us-health-aid-deal-exploitation-mining-concessions-data-sharing-targets,2026-03-02 12:53:54.889817
Guardian,‘Adventurism has had its day’: speedboat shootout leaves Miami’s exiled Cubans bewildered,"<p>Few clues as to how 10 heavily armed men intercepted on stolen speedboat came together from across Florida or what they hoped to achieve </p><p>Foot traffic was slow outside the <a href=""https://www.miamiandbeaches.com/l/arts-and-culture/bay-of-pigs-brigade-2506-museum/52808"">Bay of Pigs Museum</a> on Calle Ocho in Miami’s Little Havana neighbourhood. A few tourists in T-shirts and shorts bypassed the gallery dedicated to one of the most <a href=""https://www.theguardian.com/world/2015/apr/17/cuba-love-obama-bay-of-pigs-anniversary"">fateful days in Cuba’s history</a> and headed instead to nearby Máximo Gómez Park to take photographs of Cuban exiles playing dominoes.</p><p>This is the street at the heart of the Cuban expat community of more than 1 million people where tens of thousands partied through the night in November 2016 to <a href=""https://www.theguardian.com/world/2016/nov/26/the-old-man-is-dead-fidel-castros-death-sparks-celebrations-on-streets-of-miami"">celebrate the death</a> of Fidel Castro, and where they gathered in sorrow almost exactly 30 years ago to mourn four Cuban-Americans <a href=""https://www.cbsnews.com/miami/news/brothers-to-the-rescue-shootdown-cuba-florida/"">shot down</a> by the communist country’s air force as they conducted a mission for the humanitarian exile group Brothers to the Rescue.</p> <a href=""https://www.theguardian.com/world/2026/feb/28/miami-exiled-cubans-speedboat-shootout"">Continue reading...</a>","Sat, 28 Feb 2026 10:00:08 GMT",https://www.theguardian.com/world/2026/feb/28/miami-exiled-cubans-speedboat-shootout,2026-03-02 12:53:54.889831
Guardian,At least 20 killed as cash-laden military cargo plane crashes in Bolivia,"<p>Riot police use teargas to disperse people gathering around wreckage of plane loaded with money from central bank</p><p>At least 20 people have died and dozens have been injured after a military cargo plane carrying banknotes crashed while landing near Bolivia’s capital on Friday, damaging about a dozen vehicles on a highway and scattering bills on the ground, an official has said.</p><p>Footage from local media showed people rushing to collect banknotes while police in riot gear tried to disperse them using teargas. Authorities were later seen setting the money alight in a bonfire at the scene of the crash.</p> <a href=""https://www.theguardian.com/world/2026/feb/28/at-least-15-killed-as-cash-laden-military-cargo-plane-crashes-in-bolivia"">Continue reading...</a>","Sat, 28 Feb 2026 03:05:37 GMT",https://www.theguardian.com/world/2026/feb/28/at-least-15-killed-as-cash-laden-military-cargo-plane-crashes-in-bolivia,2026-03-02 12:53:54.889841
Guardian,Trump suggests US could carry out ‘friendly takeover’ of Cuba,"<p>As tensions between two countries reach new highs, US president says regime is ‘talking with us’</p><p>Donald Trump has suggested the US could carry out a “friendly takeover” of Cuba as tensions between Washington and Havana reach a new high after the capture of Venezuela’s Nicolás Maduro.</p><p>As he left the White House for a campaigning event in Texas on Friday, Trump said: “The Cuban government is talking with us. They’re in a big deal of trouble.”</p> <a href=""https://www.theguardian.com/us-news/2026/feb/27/trump-cuba-regime-change"">Continue reading...</a>","Fri, 27 Feb 2026 23:39:01 GMT",https://www.theguardian.com/us-news/2026/feb/27/trump-cuba-regime-change,2026-03-02 12:53:54.889849
Guardian,Democrats outraged at US military’s downing of CBP drone near Mexico border,"<p>Second time in two weeks military used laser to attack what it mistakenly thought was a threat, disrupting air traffic</p><ul><li><p><a href=""https://www.theguardian.com/news/2026/feb/17/sign-up-for-the-breaking-news-us-email-to-get-newsletter-alerts-direct-to-your-inbox?utm_medium=ACQUISITIONS_STANDFIRST&amp;utm_campaign=BN22326&amp;utm_content=signup&amp;utm_term=standfirst&amp;utm_source=GUARDIAN_WEB"">Sign up for the Breaking News US email to get newsletter alerts in your inbox</a></p></li></ul><p>Democratic members of <a href=""https://www.theguardian.com/us-news/us-congress"">Congress</a> have expressed astonishment and anger at what they claim is the incompetence of the <a href=""https://www.theguardian.com/us-news/trump-administration"">Trump administration</a> after the US military used a laser on Thursday to shoot down what it thought was a threatening drone on the <a href=""https://www.theguardian.com/us-news/us-mexico-border"">US-Mexico border</a> in Texas but later turned out to belong to US Customs and Border Protection (<a href=""https://www.theguardian.com/us-news/2026/jan/19/donald-trump-immigration-crackdown"">CBP</a>).</p><p>The apparent confusion between two entities in the US government led to airspace being closed around Fort Hancock, right along the border. It was the second time in two weeks that air traffic was disrupted in the region as a result of a high-energy laser being deployed against drones.</p> <a href=""https://www.theguardian.com/us-news/2026/feb/27/cbp-border-drone-military-democrats"">Continue reading...</a>","Fri, 27 Feb 2026 14:37:19 GMT",https://www.theguardian.com/us-news/2026/feb/27/cbp-border-drone-military-democrats,2026-03-02 12:53:54.889863
Guardian,"‘More exploitation, fewer rights’: Argentina braces for sweeping overhaul of labor laws","<p>Javier Milei’s boosters say law will revive employment, but critics decry cuts to severance and longer working hours</p><p><a href=""https://www.theguardian.com/world/argentina"">Argentina</a>’s senate is poised to approve a sweeping overhaul of labour laws aimed at weakening trade unions and lowering labour costs for businesses.</p><p>The government of the self-styled “anarcho-capitalist” president, <a href=""https://www.theguardian.com/world/javier-milei"">Javier Milei</a>, says the initiative will help revive formal employment, after 290,600 registered jobs were lost between December 2023, when he took office, and November 2025.</p> <a href=""https://www.theguardian.com/world/2026/feb/27/argentina-labor-law-overhaul"">Continue reading...</a>","Fri, 27 Feb 2026 09:00:37 GMT",https://www.theguardian.com/world/2026/feb/27/argentina-labor-law-overhaul,2026-03-02 12:53:54.889873
Guardian,Shark culls brought in after fatal attack cause division and anger in New Caledonia,"<p>Authorities say capture of bull and tiger sharks necessary to protect lives as environmentalists launch urgent legal challenge</p><p>Some beaches in areas of New Caledonia are closed to swimming and the authorities have begun shark culling off the capital, Nouméa, after a fatal attack in the popular tourist spot – prompting a legal challenge to stop the operation and reigniting debate over public safety and marine conservation.</p><p>The culling operation began on 23 February, after a man from New Caledonia riding a wing foil in a recreational area was attacked and killed. Preliminary investigations indicate the victim was attacked by a tiger shark that measured at least three metres.</p> <a href=""https://www.theguardian.com/world/2026/mar/02/new-caledonia-shark-attack-culling"">Continue reading...</a>","Mon, 02 Mar 2026 04:20:27 GMT",https://www.theguardian.com/world/2026/mar/02/new-caledonia-shark-attack-culling,2026-03-02 12:53:54.889883
Guardian,‘You can’t hide from the invisible’: why Bangkok police make arrests in disguise,"<p>Critics claim the operations are geared at social media, but police say they have enabled real arrests</p><p>Police officers from Bangkok’s metropolitan bureau had less than 24 hours to prepare for their latest undercover operation. They would be starring as performers of a lion dance at a temple fair held for the lunar new year. Their mission: track down and arrest a suspected thief who had a history of evading officers.</p><p>“The dance was spontaneous. We just did what we did,” said the police captain Lertvarit Lertvorapreecha, adding that nobody had time to practise. In his haste, he accidentally picked up his colleague’s male mask, which he wore with a red silk dress, trousers and tactical shoes.</p> <a href=""https://www.theguardian.com/world/2026/feb/28/bangkok-police-arrests-in-disguise"">Continue reading...</a>","Sat, 28 Feb 2026 05:00:02 GMT",https://www.theguardian.com/world/2026/feb/28/bangkok-police-arrests-in-disguise,2026-03-02 12:53:54.889893
Guardian,North Korea’s ‘most beloved’ child: what the key congress revealed about Kim Jong-un’s succession plans,"<p>Many observers believe North Korean leader has decided daughter Kim Ju-ae will succeed him, but others say gender politics could block her path to power</p><p>When North Korea’s ruling party held a top-level meeting this month there were predictable boasts of unstoppable nuclear development and, more unexpectedly, a suggestion by <a href=""https://www.theguardian.com/world/kim-jong-un"">Kim Jong-un</a> that his country and the US “could get along” – provided that Washington recognised North Korea as a legitimate nuclear power.</p><p>But for many <a href=""https://www.theguardian.com/world/north-korea"">North Korea</a> watchers, the Workers’ party congress – held over several days just once every five years – was a rare opportunity to speculate over the identity of the country’s future leader.</p> <a href=""https://www.theguardian.com/world/2026/feb/27/north-korea-kim-jong-un-daughter-ju-ae-succession"">Continue reading...</a>","Fri, 27 Feb 2026 05:53:53 GMT",https://www.theguardian.com/world/2026/feb/27/north-korea-kim-jong-un-daughter-ju-ae-succession,2026-03-02 12:53:54.889903
Guardian,Boss of theatre hosting Chinese dance group Shen Yun in Sydney won’t be intimidated by ‘outrageous’ threats,"<p>Graeme Kearns, chief executive of Foundation Theatres, says: ‘Our job in theatre is to absolutely defend the right to tell stories about culture’</p><ul><li><p><a href=""https://www.theguardian.com/australia-news/live/2026/feb/27/coles-results-nsw-victoria-queensland-weather-politics-updates-labor-coalition-anthony-albanese-angus-taylor-ntwnfb""><strong>Follow our Australia news live blog for latest updates</strong></a></p></li><li><p><strong>Get our </strong><a href=""https://www.theguardian.com/email-newsletters?CMP=cvau_sfl""><strong>breaking news email</strong></a><strong>, </strong><a href=""https://app.adjust.com/w4u7jx3""><strong>free app</strong></a><strong> or </strong><a href=""https://www.theguardian.com/australia-news/series/full-story?CMP=cvau_sfl""><strong>daily news podcast</strong></a></p></li></ul><p>The head of the theatre hosting the Shen Yun dance troupe in Sydney says the company would not be intimidated to pull the shows by any “outrageous” anonymous threats and that the publicity had increased interest in the show.</p><p>On Monday, the Gold Coast venue for the Shen Yun performances was forced to evacuate after a bomb threat, with a similar threat forcing the evacuation of Prime Minister Anthony Albanese’s official residence, The Lodge, in Canberra the next day.</p> <a href=""https://www.theguardian.com/australia-news/2026/feb/27/boss-of-theatre-hosting-chinese-dance-group-shen-yun-in-sydney-wont-be-intimidated-by-outrageous-threats"">Continue reading...</a>","Fri, 27 Feb 2026 01:00:19 GMT",https://www.theguardian.com/australia-news/2026/feb/27/boss-of-theatre-hosting-chinese-dance-group-shen-yun-in-sydney-wont-be-intimidated-by-outrageous-threats,2026-03-02 12:53:54.889918
Guardian,Jacinda Ardern living and working in Australia after move from US,"<p><strong>Exclusive:</strong> Former New Zealand PM ‘based out of Australia’, according to spokesperson, after rumours she was looking for houses in Sydney</p><p>The former New Zealand prime minister Jacinda Ardern is living in Australia with her family, a spokesperson has confirmed.</p><p>“The family has been travelling for a few years now,” her office told the Guardian.</p> <a href=""https://www.theguardian.com/world/2026/feb/26/jacinda-ardern-living-in-australia-former-nz-new-zealand-pm"">Continue reading...</a>","Thu, 26 Feb 2026 00:14:56 GMT",https://www.theguardian.com/world/2026/feb/26/jacinda-ardern-living-in-australia-former-nz-new-zealand-pm,2026-03-02 12:53:54.889925
Guardian,Australia politics live: Senate censures Pauline Hanson over Muslim comments as all but two Coalition senators oppose motion,"<p>Follow today’s latest new updates</p><ul><li><p>Get our <a href=""https://www.theguardian.com/email-newsletters?CMP=cvau_sfl"">breaking news email</a>, <a href=""https://app.adjust.com/w4u7jx3"">free app</a> or <a href=""https://www.theguardian.com/australia-news/series/full-story?CMP=cvau_sfl"">daily news podcast</a></p></li></ul><p><strong>Joyce says petrol prices will increase due to conflict</strong></p><p>Speaking with <strong>Tanya Plibersek</strong> on a Sunrise panel this morning, One Nation MP <strong>Barnaby Joyce </strong>says Australia should focus on building up fuel supplies under risk due to conflict in the Middle East</p><p>It’s a shame in a crisis like this that we’ve got ourselves down to two oil refineries, so that if there’s a crisis in the production of fuel, we’re in a bad spot.</p><p>We’ve got the old policies here – cross fingers, everything should be right as long as President Trump is able to bring this to a conclusion … People have got to start looking at what the effects are for Australia, not just the Middle East, and you can start looking for those effects at a petrol pump near you.</p><p>There will be an economic impact of this. There was an economic impact of Russia’s invasion of Ukraine that affected the whole world, and that includes Australia. This is an area where a lot of our global oil and petrol, ultimately, is impacted by what’s being produced in the Middle East. I mean, it is a very good argument for Australia to have energy security and energy independence.</p> <a href=""https://www.theguardian.com/australia-news/live/2026/mar/02/politics-updates-federal-parliament-anthony-albanese-labor-angus-taylor-coalition-nsw-budget-estimates-iran-war-reactions-ntwnfb"">Continue reading...</a>","Mon, 02 Mar 2026 06:59:48 GMT",https://www.theguardian.com/australia-news/live/2026/mar/02/politics-updates-federal-parliament-anthony-albanese-labor-angus-taylor-coalition-nsw-budget-estimates-iran-war-reactions-ntwnfb,2026-03-02 12:53:54.889935
Guardian,Pauline Hanson censured over Muslim comments but only two Coalition senators back motion,"<p>It is Hanson’s second censure within four months, this time over comments questioning whether there were ‘good’ Muslims</p><ul><li><p><a href=""https://www.theguardian.com/australia-news/live/2026/mar/02/politics-updates-federal-parliament-anthony-albanese-labor-angus-taylor-coalition-nsw-budget-estimates-iran-war-reactions-ntwnfb"">Follow our Australia news live blog for latest updates</a></p></li><li><p>Get our <a href=""https://www.theguardian.com/email-newsletters?CMP=cvau_sfl"">breaking news email</a>, <a href=""https://app.adjust.com/w4u7jx3"">free app</a> or <a href=""https://www.theguardian.com/australia-news/series/full-story?CMP=cvau_sfl"">daily news podcast</a></p></li></ul><p>Pauline Hanson has been censured again by the federal Senate, with two Liberal senators crossing the floor to support a motion calling out the One Nation leader’s “inflammatory and divisive” recent comments about Australian Muslims.</p><p>Hanson dismissed the motion – her <a href=""https://www.theguardian.com/australia-news/2025/nov/25/pauline-hanson-suspended-from-senate-over-burqa-stunt-as-mehreen-faruqi-says-parliament-drips-in-racism"">second censure within four months</a>, after her stunt of wearing a hijab in the parliament last year – as a “joke”, theatrically slapping herself on the wrist before storming out of the chamber prior to the final vote. The Greens and much of the crossbench backed Labor’s censure motion, while the Coalition resolved to oppose it, saying censures should be reserved for the most serious conduct.</p> <a href=""https://www.theguardian.com/australia-news/2026/mar/02/pauline-hanson-expected-censure-motion-senate-australian-muslim-comments-ntwnfb"">Continue reading...</a>","Mon, 02 Mar 2026 06:00:23 GMT",https://www.theguardian.com/australia-news/2026/mar/02/pauline-hanson-expected-censure-motion-senate-australian-muslim-comments-ntwnfb,2026-03-02 12:53:54.889943
Guardian,Angus Taylor snaps at journalist as Liberals ramp up rhetoric against Australian children in Syrian camp,"<p>Opposition leader suggests 23 children and 11 women attempting to leave al-Roj are Islamic State ‘sympathisers’</p><ul><li><p><a href=""https://www.theguardian.com/australia-news/live/2026/mar/02/politics-updates-federal-parliament-anthony-albanese-labor-angus-taylor-coalition-nsw-budget-estimates-iran-war-reactions-ntwnfb"">Follow our Australia news live blog for latest updates</a></p></li><li><p>Get our <a href=""https://www.theguardian.com/email-newsletters?CMP=cvau_sfl"">breaking news email</a>, <a href=""https://app.adjust.com/w4u7jx3"">free app</a> or <a href=""https://www.theguardian.com/australia-news/series/full-story?CMP=cvau_sfl"">daily news podcast</a></p></li></ul><p>Angus Taylor has suggested the Australian children remaining in a Syrian detention camp are “Isis sympathisers” as the Liberal party ramps up its rhetoric against the families of dead or jailed Islamic State fighters.</p><p>The opposition leader also chided a member of the press for attempting to force his response on why the group of 23 children and 11 women should be another country’s responsibility.</p> <a href=""https://www.theguardian.com/australia-news/2026/mar/02/angus-taylor-islamic-state-syria-comments-ntwnfb"">Continue reading...</a>","Mon, 02 Mar 2026 05:11:03 GMT",https://www.theguardian.com/australia-news/2026/mar/02/angus-taylor-islamic-state-syria-comments-ntwnfb,2026-03-02 12:53:54.889951
Guardian,"Desperate first home buyers are fuelling price ‘up-crash’ at lower end of market, experts say","<p>Biggest house price increases in February come in smaller capital cities as buyers undeterred by interest rate hikes</p><ul><li><p><a href=""https://www.theguardian.com/australia-news/live/2026/mar/02/politics-updates-federal-parliament-anthony-albanese-labor-angus-taylor-coalition-nsw-budget-estimates-iran-war-reactions-ntwnfb"">Follow our Australia news live blog for latest updates</a></p></li><li><p>Get our <a href=""https://www.theguardian.com/email-newsletters?CMP=cvau_sfl"">breaking news email</a>, <a href=""https://app.adjust.com/w4u7jx3"">free app</a> or <a href=""https://www.theguardian.com/australia-news/series/full-story?CMP=cvau_sfl"">daily news podcast</a></p></li></ul><p>Hot competition for cheaper Australian homes has powered a relentless “up-crash” in prices despite rising interest rates, economists warn.</p><p>Desperate first home buyers have bid up the price of affordable properties as they face off against investors, who have borrowed big despite government warnings they could lose tax discounts and deductions.</p> <a href=""https://www.theguardian.com/australia-news/2026/mar/02/australia-house-prices-interest-rates-buyers"">Continue reading...</a>","Mon, 02 Mar 2026 04:37:47 GMT",https://www.theguardian.com/australia-news/2026/mar/02/australia-house-prices-interest-rates-buyers,2026-03-02 12:53:54.889958
Guardian,Wong warns ‘there are limits’ to helping Australians affected by flight cancellations amid Iran conflict,"<p>Government has not yet committed to repatriation flights as Emirates, Etihad and Qatar Airways cancel flights</p><ul><li><p><a href=""https://www.theguardian.com/australia-news/live/2026/mar/02/politics-updates-federal-parliament-anthony-albanese-labor-angus-taylor-coalition-nsw-budget-estimates-iran-war-reactions-ntwnfb"">Follow our Australia news live blog for latest updates</a></p></li><li><p>Get our <a href=""https://www.theguardian.com/email-newsletters?CMP=cvau_sfl"">breaking news email</a>, <a href=""https://app.adjust.com/w4u7jx3"">free app</a> or <a href=""https://www.theguardian.com/australia-news/series/full-story?CMP=cvau_sfl"">daily news podcast</a></p></li></ul><p>The Australian government says travellers should be prepared for “serious” disruptions in coming days amid the turmoil in the Middle East, saying there are limits to what the government can do to help those stranded in the region.</p><p>The foreign affairs minister, Penny Wong, said many Australians would be affected as countries shuttered their airspace amid the <a href=""https://www.theguardian.com/world/iran"">US and Israel’s attacks on Iran</a>. Three major airports that connect Europe and Africa to Asia, in Qatar, Dubai and Abu Dhabi, halted operations as the latter two suffered damage during the conflict.</p> <a href=""https://www.theguardian.com/australia-news/2026/mar/02/iran-conflict-air-travel-flight-cancellations-delays"">Continue reading...</a>","Mon, 02 Mar 2026 04:25:43 GMT",https://www.theguardian.com/australia-news/2026/mar/02/iran-conflict-air-travel-flight-cancellations-delays,2026-03-02 12:53:54.889965
Guardian,‘Some parents said they’d break my knees’: the teacher who exposed Putin’s primary school propaganda,"<p>Grenade-throwing contests replaced PE and ‘denazification’ speeches became homework. Pavel Talankin’s undercover film about his school’s indoctrination drive won a Bafta and is tipped for an Oscar, but has left him in exile</p><p>In order to watch the Oscar-nominated documentary in which many of them have starring roles, pupils at Karabash School No 1 have had to source bootlegged copies, viewing the film in private, on their phones or their laptops.</p><p>Last week’s Bafta best documentary win for Mr Nobody Against Putin has been studiously ignored by Russian state media, and the prize the film won at Sundance last year was also met with silence. Staff at the school and government officials in the Kremlin seem united in their desire to pretend that they know nothing about the film.</p> <a href=""https://www.theguardian.com/film/2026/mar/02/teacher-putin-primary-school-propoganda-mr-nobody-against-putin-pavel-talankin"">Continue reading...</a>","Mon, 02 Mar 2026 06:00:01 GMT",https://www.theguardian.com/film/2026/mar/02/teacher-putin-primary-school-propoganda-mr-nobody-against-putin-pavel-talankin,2026-03-02 12:53:54.889976
Guardian,Rolls-Royce boss ‘open’ to Germany joining UK’s fighter jet project,"<p>Tufan Erginbilgiç says decision is for the government but German participation remains a possibility</p><p>The boss of Rolls-Royce has said he would welcome Germany helping to build Britain’s next-generation fighter jet, arguing that it would bring in more business for the project.</p><p>The aircraft, designed to replace the Eurofighter Typhoon, is a joint effort <a href=""https://www.theguardian.com/business/2024/dec/13/uk-joins-italy-and-japan-to-develop-british-fighter-jet-to-rival-americas-f-35"">between the UK, Italy and Japan</a>. Rolls-Royce is building the engine for the jet, which has attracted fresh attention as plans for a rival Franco-German warplane edge towards collapse.</p> <a href=""https://www.theguardian.com/business/2026/mar/02/rolls-royce-germany-uk-fighter-jet-tufan-erginbilgic"">Continue reading...</a>","Mon, 02 Mar 2026 05:00:01 GMT",https://www.theguardian.com/business/2026/mar/02/rolls-royce-germany-uk-fighter-jet-tufan-erginbilgic,2026-03-02 12:53:54.889982
Guardian,‘That resentment is real’: Mahmood’s Denmark visit aims to hammer home tough line on immigration,"<p>On tour of returns centre, home secretary says ‘legitimate grievances’ have to be acknowledged as part of ‘responsible’ politics</p><ul><li><p><a href=""https://www.theguardian.com/uk-news/2026/mar/01/shabana-mahmood-to-limit-refugees-to-30-months-in-uk"">Refugee status to be temporary as Shabana Mahmood rips up rules on UK asylum</a></p></li></ul><p>The UK home secretary, <a href=""https://www.theguardian.com/politics/shabana-mahmood"">Shabana Mahmood</a>, and Danish immigration officials strode through the bleak and chilly Sjælsmark returns centre, a former military barracks used to house men and women who have no right to remain in the country. Followed by photographers, reporters and civil servants, Mahmood was told of the strict conditions in which hundreds of people live after asylum and right to remain appeals are rejected and before many are sent to other countries.</p><p>Sjælsmark, about 20 miles north of Copenhagen, is at the sharp end of an asylum system set up by Denmark’s left-leaning Social Democrat government to deter claimants. As well as those facing swift deportations, refugees are given temporary permission to stay and will later be told to leave if their countries of origin are deemed safe.</p> <a href=""https://www.theguardian.com/uk-news/2026/mar/01/shabana-mahmood-denmark-uk-immigration"">Continue reading...</a>","Sun, 01 Mar 2026 22:00:52 GMT",https://www.theguardian.com/uk-news/2026/mar/01/shabana-mahmood-denmark-uk-immigration,2026-03-02 12:53:54.889996
Guardian,Suspected Russian ‘shadow fleet’ tanker seized in North Sea,"<p>Belgian special forces boarded the Ethera, which was sailing under the flag of Guinea, on Saturday night</p><p>Belgium has seized an oil tanker believed to form part of the so-called “shadow fleet” used by Russia to circumvent western sanctions over the war in Ukraine.</p><p>Special forces assisted by French helicopters boarded the ship in a clandestine operation in the North Sea on Saturday night, Belgium’s defence minister, Theo Francken, said on Sunday.</p> <a href=""https://www.theguardian.com/world/2026/mar/01/suspected-russian-shadow-fleet-tanker-seized-north-sea"">Continue reading...</a>","Sun, 01 Mar 2026 16:02:00 GMT",https://www.theguardian.com/world/2026/mar/01/suspected-russian-shadow-fleet-tanker-seized-north-sea,2026-03-02 12:53:54.890001
Guardian,AI-resistant ‘halo’ stocks drive UK and EU markets to record highs,"<p>Investors shifting to ‘heavy-asset, low-obsolescence’ companies insulated from disruption, says Goldman Sachs</p><p>Investors have a new mantra as they prepare for AI to shake up the global economy – the Halo trade.</p><p>Interest in Halo – short for “heavy assets, low obsolescence” - has risen as investors seek out companies with tangible, productive assets, which might be insulated from AI disruption, such as energy and transport infrastructure companies.</p> <a href=""https://www.theguardian.com/business/2026/mar/01/investment-ai-resistant-halo-companies-uk-eu-markets-goldman-sachs"">Continue reading...</a>","Sun, 01 Mar 2026 07:00:36 GMT",https://www.theguardian.com/business/2026/mar/01/investment-ai-resistant-halo-companies-uk-eu-markets-goldman-sachs,2026-03-02 12:53:54.890009
Guardian,US-Israel war on Iran live: explosions heard in Gulf cities and Jerusalem; evacuations in Beirut as conflict spreads to Lebanon,"<p>Iran-backed Hezbollah says it launched rockets and drones at Israel in retaliation for the killing of Ayatollah Ali Khamenei</p><ul><li><p><a href=""https://www.theguardian.com/news/audio/2026/mar/01/the-assassination-of-irans-ayatollah-and-fears-for-a-wider-conflict-podcast"">Podcast: The assassination of Iran’s ayatollah – and fears for a wider conflict</a></p></li><li><p><a href=""https://www.theguardian.com/world/2026/mar/01/trump-open-to-talks-with-iran-as-conflict-deepens-in-middle-east"">Full report: Trump open to talks with Iran as conflict deepens in Middle East</a></p></li><li><p><a href=""https://www.theguardian.com/world/2026/mar/01/tell-us-affected-by-latest-events-in-the-middle-east-strikes-iran-us-israel-dubai"">How have you been affected by events in the Middle East?</a></p></li></ul><p><strong>Bahrain</strong> has said that one person was killed by shrapnel from an intercepted missile. The death of a foreign worker at <strong>Salman Industrial City</strong>, working on a boat there, marks the kingdom’s first reported fatality in the war.</p><p>Bahrain, home to the US navy’s 5th fleet, said it intercepted 61 missiles and 34 attack drones launched against it. It said some shrapnel had gotten through, striking buildings and the naval base.</p> <a href=""https://www.theguardian.com/world/live/2026/mar/02/us-israel-war-iran-live-updates-attacks-strikes-tehran-lebanon-beirut-hezbollah-dubai-latest-news"">Continue reading...</a>","Mon, 02 Mar 2026 06:47:13 GMT",https://www.theguardian.com/world/live/2026/mar/02/us-israel-war-iran-live-updates-attacks-strikes-tehran-lebanon-beirut-hezbollah-dubai-latest-news,2026-03-02 12:53:54.890017
Guardian,Hundreds more flights cancelled as world faces worst travel chaos since Covid pandemic,"<p>Hundreds of thousands of passengers remain stranded, with key air hubs in Middle East closed amid fallout from US-Israeli strikes on Iran</p><ul><li><p><a href=""https://www.theguardian.com/world/live/2026/mar/02/us-israel-war-iran-live-updates-attacks-strikes-tehran-lebanon-beirut-hezbollah-dubai-latest-news""><strong>US-Israeli attack on Iran – live updates</strong></a></p></li></ul><p>Hundreds more flights were cancelled on Monday, extending the turmoil in global air travel caused <a href=""https://www.theguardian.com/world/2026/feb/28/israel-launches-attack-on-iran-as-explosions-heard-in-tehran"">by the US-Israel war on Iran</a>, with hundreds of thousands of passengers already stranded.</p><p>Leading airline stocks came under pressure <a href=""https://www.theguardian.com/us-news/2026/mar/01/hundreds-of-thousands-of-travellers-stranded-or-diverted-amid-air-space-closures-in-middle-east"">after days of disruption</a>, with Donald Trump indicating that the <a href=""https://www.theguardian.com/world/2026/mar/01/trump-open-to-talks-with-iran-as-conflict-deepens-in-middle-east"">US military action could last another four weeks</a>.</p><p>Emirates Airlines, the world’s largest international carrier, which suspended all planned services to and from Dubai until 3pm UAE time (10pm AEDT, 11am GMT and 6am EST) on Monday.</p><p>Etihad Airways, which suspended all flights to and from Abu Dhabi until 2pm UAE time (9pm AEDT, 10am GMT and 5am EST) on Monday.</p><p>Qatar Airways, which suspended flight operations because of the closure of Qatari airspace.</p> <a href=""https://www.theguardian.com/world/2026/mar/02/flights-cancelled-middle-east-travel-chaos-us-israeli-iran-conflictflights-cancelled-middle-east-travel-chaos-us-israeli-iran-conflict"">Continue reading...</a>","Mon, 02 Mar 2026 06:35:00 GMT",https://www.theguardian.com/world/2026/mar/02/flights-cancelled-middle-east-travel-chaos-us-israeli-iran-conflictflights-cancelled-middle-east-travel-chaos-us-israeli-iran-conflict,2026-03-02 12:53:54.890026
Guardian,Monday briefing: ​What does the escalation in the Middle East mean for global stability?,"<p>In today’s newsletter: A region already strained by years of proxy conflict is now confronting its most volatile moment in decades, as the death of Iran’s supreme leader ​could drag us into a rapidly widening crisis, with no clear path to de‑escalation</p><p>Good morning. Over the weekend the US and Israel launched a series of attacks on Iran that resulted in the assassination of Tehran’s supreme leader, Ayatollah Ali Khamenei – a move that dramatically raised the stakes in their long-running conflict.</p><p>The assassination of a serving supreme leader is an extraordinary act – one that signals not containment, but confrontation. Retaliatory strikes by Iran have already spilled the conflict far beyond its borders, drawing a host of regional powers into the fray. Iranian president, Masoud Pezeshkian, the judiciary chief, Gholamhossein Mohseni Ejei, and senior cleric Alireza Arafi will reportedly lead Iran in the transitional period following Khamenei’s death.</p><p><em><strong>Iran </strong></em>| Donald Trump said on Sunday he was <a href=""https://www.theguardian.com/world/2026/mar/01/trump-open-to-talks-with-iran-as-conflict-deepens-in-middle-east"">prepared to talk to what was left of the Iranian leadership</a> in the wake of the killing of the country’s supreme leader by US-Israeli air strikes aimed at overthrowing the regime.</p><p><em><strong>British military</strong></em><strong> |</strong> The UK’s RAF Akrotiri base in Cyprus was <a href=""https://www.theguardian.com/world/2026/mar/02/uk-airbase-raf-akrotiri-cyprus-suspected-drone-strike"">hit by a suspected drone strike</a>, causing limited damage and no casualties, Cypriot authorities and the Ministry of Defence (MoD) said.</p><p><em><strong>Immigration</strong></em> | Shabana Mahmood has ripped up the government’s asylum rules so that from Monday every refugee will be told that <a href=""https://www.theguardian.com/uk-news/2026/mar/01/shabana-mahmood-to-limit-refugees-to-30-months-in-uk"">their status is temporary and will last just 30 months</a>.</p><p><em><strong>UK politics </strong></em>| The Green party said its membership had <a href=""https://www.theguardian.com/politics/2026/mar/01/green-party-membership-surge-byelection-victory-zack-polanski"">passed 200,000</a> in the wake of its victory in the Gorton and Denton byelection, in which it overturned a huge Labour majority.</p><p><em><strong>AI </strong></em>| Datacentre developers are facing pressure to reveal whether their projects will <a href=""https://www.theguardian.com/technology/2026/mar/01/datacentre-developers-energy-greenhouse-gas-emissions"">increase the UK’s net greenhouse gas emissions</a>, amid concerns the sites could double national electricity demand.</p> <a href=""https://www.theguardian.com/world/2026/mar/02/monday-briefing-what-does-the-escalation-in-the-middle-east-mean-for-global-stability"">Continue reading...</a>","Mon, 02 Mar 2026 06:31:14 GMT",https://www.theguardian.com/world/2026/mar/02/monday-briefing-what-does-the-escalation-in-the-middle-east-mean-for-global-stability,2026-03-02 12:53:54.890046
Guardian,Non-essential personnel to leave UK airbase in Cyprus after drone strike,"<p>Apparent attack on RAF Akrotiri took place hours after the UK agreed to let the US use British military bases to attack Iran’s missile sites</p><p>Non-essential personnel will leave the UK’s RAF Akrotiri base in Cyprus after it was hit by a drone strike, causing limited damage and no casualties, Cypriot authorities and the Ministry of Defence (MoD) said.</p><p>A security alert put out to residents in the vicinity of Akrotiri by the British base’s administration advised residents to shelter in place until further notice “following a suspected drone impact”.</p> <a href=""https://www.theguardian.com/world/2026/mar/02/uk-airbase-raf-akrotiri-cyprus-suspected-drone-strike"">Continue reading...</a>","Mon, 02 Mar 2026 05:50:43 GMT",https://www.theguardian.com/world/2026/mar/02/uk-airbase-raf-akrotiri-cyprus-suspected-drone-strike,2026-03-02 12:53:54.890052
Guardian,Trump open to talks with Iran as conflict deepens in Middle East,"<p>US president signals willingness to engage with Tehran’s surviving leadership as strikes and retaliatory attacks intensify across region</p><ul><li><p><a href=""https://www.theguardian.com/world/live/2026/mar/02/us-israel-war-iran-live-updates-attacks-strikes-tehran-lebanon-beirut-hezbollah-dubai-latest-news""><strong>US-Israel war on Iran – latest updates</strong></a></p></li></ul><p>Donald Trump said on Sunday he was prepared to talk to what was left of the Iranian leadership iafter the killing of the country’s supreme leader by US-Israeli airstrikes aimed at overthrowing the regime.</p><p>Trump was speaking as a second day of intense bombing of Iranian cities and Tehran’s missile counterattacks sent tremors across the region and through the global economy. On Monday the conflict spread to Lebanon as <a href=""https://www.theguardian.com/world/2026/mar/02/israel-idf-strikes-hezbollah-beirut-lebanon-iran-war"">Israel began striking Hezbollah targets</a>, after the group launched missiles and drones towards Israel’s north in retaliation for the killing of Ayatollah Ali Khamenei.</p> <a href=""https://www.theguardian.com/world/2026/mar/01/trump-open-to-talks-with-iran-as-conflict-deepens-in-middle-east"">Continue reading...</a>","Mon, 02 Mar 2026 05:05:08 GMT",https://www.theguardian.com/world/2026/mar/01/trump-open-to-talks-with-iran-as-conflict-deepens-in-middle-east,2026-03-02 12:53:54.890060
Guardian,Afghanistan says it thwarted Pakistan airstrikes on Bagram airbase,"<p>Sporadic clashes reported in several provinces in Afghanistan as both sides give conflicting death tolls</p><p>Afghanistan has said it had thwarted Pakistan’s attempted airstrikes on Bagram airbase, <a href=""https://www.theguardian.com/world/gallery/2021/jul/06/inside-afghanistans-looted-bagram-airbase-after-us-departure-in-pictures"">the former US military base</a> north of Kabul, as cross-border fighting between the two countries stretched into a fourth day.</p><p><a href=""https://www.theguardian.com/world/2026/feb/27/pakistan-miscalculation-taliban-afghanistan"">Months of clashes</a> have flared up again since Thursday, when Afghanistan launched attacks along the frontier and <a href=""https://www.theguardian.com/world/2026/feb/21/pakistan-strikes-militant-hideouts-on-afghan-border-after-surge-in-attacks"">Pakistani forces hit back</a> on the border and from the skies. Pakistan has declared <a href=""https://www.theguardian.com/world/2026/feb/27/pakistan-declares-state-of-open-war-after-bombing-major-afghan-cities"">it is in “open war” with Afghanistan</a>.</p> <a href=""https://www.theguardian.com/world/2026/mar/02/afghanistan-pakistan-airstrikes-bagram-airbase"">Continue reading...</a>","Mon, 02 Mar 2026 04:44:37 GMT",https://www.theguardian.com/world/2026/mar/02/afghanistan-pakistan-airstrikes-bagram-airbase,2026-03-02 12:53:54.890066
Guardian,US backs Pakistan’s ‘right to defend itself’ against Taliban after strikes on Afghanistan,"<p>Taliban offer to resolve dispute via dialogue after Pakistan bombed cities in Afghanistan in latest escalation with its neighbour</p><p>Washington endorsed Pakistan’s “right to defend itself” after it bombed major cities across Afghanistan amid heightened tensions between the two hostile neighbours.</p><p>The Taliban government in Kabul stressed it was ready to negotiate on Friday as violence intensified between the two countries.</p> <a href=""https://www.theguardian.com/world/2026/feb/28/us-backs-pakistans-right-to-defend-itself-against-taliban-after-strikes-on-afghanistan"">Continue reading...</a>","Sat, 28 Feb 2026 04:13:11 GMT",https://www.theguardian.com/world/2026/feb/28/us-backs-pakistans-right-to-defend-itself-against-taliban-after-strikes-on-afghanistan,2026-03-02 12:53:54.890074
Guardian,Pakistan’s patience runs out after badly miscalculating over Taliban,"<p>Military reckoned ‘good’ Afghan insurgents were separate from ‘bad’ Pakistani insurgents but distinction has blurred</p><p>Days after the Taliban swept to power in 2021, Pakistan’s then spymaster appeared in Kabul on what looked to many like a victory lap. Sipping tea in the lobby of the Afghan capital’s fanciest hotel, Lt Gen Faiz Hameed told reporters: “Don’t worry, everything will be OK.”</p><p>This week it became clear just how badly Pakistan had miscalculated how it could rely on the Taliban, as Islamabad <a href=""https://www.theguardian.com/world/2026/feb/27/pakistan-declares-state-of-open-war-after-bombing-major-afghan-cities"">unleashed airstrikes in Afghanistan</a> and troops from both countries fought each other on the border.</p> <a href=""https://www.theguardian.com/world/2026/feb/27/pakistan-miscalculation-taliban-afghanistan"">Continue reading...</a>","Fri, 27 Feb 2026 18:12:02 GMT",https://www.theguardian.com/world/2026/feb/27/pakistan-miscalculation-taliban-afghanistan,2026-03-02 12:53:54.890080
Guardian,Pakistan declares state of ‘open war’ after bombing major Afghan cities,"<p>Wave of strikes comes after Taliban forces attack Pakistani border troops following earlier action from Islamabad</p><p>Pakistan has bombed major cities in Afghanistan including the capital, Kabul, with Islamabad’s defence minister declaring that the hostile neighbours were in a state of “open war” as <a href=""https://www.theguardian.com/world/2026/feb/27/afghanistan-pakistan-strikes-kabul"">a cycle of retaliatory attacks escalated further</a>.</p><p>Witnesses in Kabul and Kandahar, the southern Afghan city, reported explosions and jets overhead until dawn, while the Taliban government said later that Pakistani surveillance aircraft were still flying over Afghanistan.</p> <a href=""https://www.theguardian.com/world/2026/feb/27/pakistan-declares-state-of-open-war-after-bombing-major-afghan-cities"">Continue reading...</a>","Fri, 27 Feb 2026 14:19:35 GMT",https://www.theguardian.com/world/2026/feb/27/pakistan-declares-state-of-open-war-after-bombing-major-afghan-cities,2026-03-02 12:53:54.890085
Guardian,Pakistan declares ‘open war’ against Afghanistan after cross-border attack – as it happened,"<p>This blog is now closed, you can read our full report <a href=""https://www.theguardian.com/world/2026/feb/27/pakistan-declares-state-of-open-war-after-bombing-major-afghan-cities"">here</a></p><p>Both sides are reporting they have inflicted heavy casualties on each other, but it is difficult to know the true numbers when they are presenting sharply divergent figures.</p><p><strong>Pakistan’s</strong> information minister Attaullah Tarar <a href=""https://x.com/TararAttaullah/status/2027155065153454560"">claims </a><strong>133 Afghan Taliban fighters were killed</strong>, with more than 200 injured. <strong>Of its own soldiers, Tarar <a href=""https://x.com/TararAttaullah/status/2027099860445630736"">says</a> that two were killed</strong> in the cross-border fighting, while three were injured.</p><p>The UK is deeply concerned by the significant escalation in tensions between Afghanistan and Pakistan. We urge both sides to take immediate steps toward de‑escalation, avoid further harm to civilians, and re‑engage in mediated dialogue.</p> <a href=""https://www.theguardian.com/world/live/2026/feb/27/pakistan-afghanistan-taliban-war-cross-border-kabul-latest-news-updates"">Continue reading...</a>","Fri, 27 Feb 2026 13:32:19 GMT",https://www.theguardian.com/world/live/2026/feb/27/pakistan-afghanistan-taliban-war-cross-border-kabul-latest-news-updates,2026-03-02 12:53:54.890091
Guardian,Most senior council officers in England say building work hit by delays,"<p>Funding uncertainty is main concern, despite Labour’s pledge to revitalise construction, survey shows</p><p>Almost two-thirds of senior council officers have said they are seeing construction projects delayed, despite the key role of local authorities in creating the wave of new housing and infrastructure promised by Labour.</p><p>Before <a href=""https://www.theguardian.com/uk-news/2026/mar/01/rachel-eeves-spring-budget-boring-or-bust-calm-competence"">Rachel Reeves’s spring forecast on Tuesday</a>, a survey of senior council officers showed that 40% do not think the local authority they work for is well placed to follow through on its construction plans.</p> <a href=""https://www.theguardian.com/society/2026/mar/02/senior-council-officers-building-work-hit-by-delays"">Continue reading...</a>","Mon, 02 Mar 2026 06:00:02 GMT",https://www.theguardian.com/society/2026/mar/02/senior-council-officers-building-work-hit-by-delays,2026-03-02 12:53:54.890101
Guardian,Labour council accuses minister of ‘moral bankruptcy’ over social care dispute,"<p>Hartlepool leaders ‘furious and appalled’ after meeting with Steve Reed about growing cost of social care</p><p>The housing, communities and local government secretary, Steve Reed, has been accused by a Labour council of showing “arrogance, indifference and moral bankruptcy” towards children in social care.</p><p>In an unusually forthright attack, Labour leaders of Hartlepool council said they were “furious and appalled” at Reed after a meeting with him last week.</p> <a href=""https://www.theguardian.com/society/2026/mar/02/labour-council-minister-steve-reed-moral-bankruptcy-social-care-dispute"">Continue reading...</a>","Mon, 02 Mar 2026 05:00:01 GMT",https://www.theguardian.com/society/2026/mar/02/labour-council-minister-steve-reed-moral-bankruptcy-social-care-dispute,2026-03-02 12:53:54.890105
Guardian,"Three in four women unaware menopause can trigger new mental illness, poll finds","<p>Royal College of Psychiatrists says impact on mental health often overlooked and calls for improvements in care</p><p>Nearly three-quarters of UK women do not know menopause can trigger a new mental illness, polling shows.</p><p>This lack of understanding is so acute that the Royal College of Psychiatrists has launched its first targeted “position statement” to raise awareness about <a href=""https://www.rcpsych.ac.uk/improving-care/campaigning-for-better-mental-health-policy/position-statements/2026-position-statements/menopause-and-mental-health-(ps02-26)"">menopause and mental health</a>.</p> <a href=""https://www.theguardian.com/society/2026/mar/01/menopause-mental-illness-royal-college-of-psychiatrists-poll"">Continue reading...</a>","Sun, 01 Mar 2026 23:00:53 GMT",https://www.theguardian.com/society/2026/mar/01/menopause-mental-illness-royal-college-of-psychiatrists-poll,2026-03-02 12:53:54.890111
Guardian,Hundreds of UK teenagers to pilot social media bans and restrictions,"<p>Trials to form part of three-month consultation on Keir Starmer’s plans to tackle negative effects of smartphone use</p><p>Hundreds of teenagers will be enlisted to trial social media bans in the coming months with overnight digital curfews and daily screen time limits also tested as part of Keir Starmer’s <a href=""https://www.theguardian.com/uk-news/2026/feb/26/uk-social-media-ban-under-16s-consultation-keir-starmer-backing"">plan to crack down on the negative effects of smartphone use</a>.</p><p>The trials will be part of a three-month consultation launched this week that could lead to an outright ban on social media for under-16s similar to that introduced in Australia. Ministers have said they are ready to toughen laws just six months after the introduction of child protection measures in the Online Safety Act.</p> <a href=""https://www.theguardian.com/uk-news/2026/mar/01/uk-teenagers-pilot-social-media-ban-smartphone-restrictions"">Continue reading...</a>","Sun, 01 Mar 2026 22:30:52 GMT",https://www.theguardian.com/uk-news/2026/mar/01/uk-teenagers-pilot-social-media-ban-smartphone-restrictions,2026-03-02 12:53:54.890121
Guardian,Refugee status to be temporary as Shabana Mahmood rips up rules on UK asylum,"<p>Home secretary announces 30-month protection limit, with refugees required to leave if their home countries are later judged safe</p><ul><li><p><a href=""https://www.theguardian.com/uk-news/2026/mar/01/shabana-mahmood-denmark-uk-immigration"">‘That resentment is real’: Mahmood’s Denmark visit aims to hammer home tough line on immigration</a></p></li></ul><p>Shabana Mahmood has ripped up the government’s asylum rules so that from Monday every refugee will be told that their status is temporary and will last just 30 months.</p><p>In a move that has concerned a refugee charity, the home secretary said that claimants whose countries are deemed to be safe by the UK government will from now on be expected to return.</p> <a href=""https://www.theguardian.com/uk-news/2026/mar/01/shabana-mahmood-to-limit-refugees-to-30-months-in-uk"">Continue reading...</a>","Sun, 01 Mar 2026 22:00:52 GMT",https://www.theguardian.com/uk-news/2026/mar/01/shabana-mahmood-to-limit-refugees-to-30-months-in-uk,2026-03-02 12:53:54.890129
Guardian,"Austin bar shooting leaves three dead, including suspect, and 14 wounded","<p>FBI official says evidence found on the suspect and in his car indicated a ‘potential nexus to terrorism’</p><ul><li><p><a href=""https://www.theguardian.com/news/2026/feb/17/sign-up-for-the-breaking-news-us-email-to-get-newsletter-alerts-direct-to-your-inbox?utm_medium=ACQUISITIONS_STANDFIRST&amp;utm_campaign=BN22326&amp;utm_content=signup&amp;utm_term=standfirst&amp;utm_source=GUARDIAN_WEB"">Sign up for the Breaking News US email to get newsletter alerts in your inbox</a></p></li></ul><p>The <a href=""https://www.theguardian.com/us-news/fbi"">FBI</a>’s joint terrorism taskforce has been called in to help investigate a deadly mass shooting in downtown Austin, <a href=""https://www.theguardian.com/us-news/texas"">Texas</a>, on Sunday morning in which a gunman opened fire in front of a bar popular with university students, killing two people and injuring 14 others before being fatally shot by police.</p><p>An FBI official, Alex Doran, told reporters at a press conference that it was too early to determine the shooter’s motivation. But he added that evidence found on the suspect and in his car indicated a “potential nexus to terrorism”, while an intelligence group said the shooter had expressed “pro-Iranian regime sentiment”.</p> <a href=""https://www.theguardian.com/us-news/2026/mar/01/texas-bar-shooting"">Continue reading...</a>","Mon, 02 Mar 2026 05:42:28 GMT",https://www.theguardian.com/us-news/2026/mar/01/texas-bar-shooting,2026-03-02 12:53:54.890139
Guardian,Trump says ‘likely more’ deaths of US troops to come before Iran conflict ends,"<p>Trump cited debunked claims in video address that Iran was on verge of nuclear weapons to justify US casualties</p><ul><li><p><a href=""https://www.theguardian.com/world/live/2026/mar/02/us-israel-war-iran-live-updates-attacks-strikes-tehran-lebanon-beirut-hezbollah-dubai-latest-news""><strong>Latest updates: US-Israel war on Iran</strong></a></p></li></ul><p><a href=""https://www.theguardian.com/us-news/donaldtrump"">Donald Trump</a> recorded a new video address on Sunday, vowing to avenge three American deaths after the joint <a href=""https://www.theguardian.com/world/us-israel-war-on-iran"">US-Israeli strikes on Iran</a> and accusing the Iranian regime of “waging war against civilization itself”.</p><p>The US president addressed the deaths, saying “we grieve for the true American patriots who have made the ultimate sacrifice for our nation, even as we continue the righteous mission for which they gave their lives” and called for prayers for “the full recovery” of five others that were seriously wounded.</p> <a href=""https://www.theguardian.com/us-news/2026/mar/01/trump-more-deaths-military-iran"">Continue reading...</a>","Mon, 02 Mar 2026 00:05:07 GMT",https://www.theguardian.com/us-news/2026/mar/01/trump-more-deaths-military-iran,2026-03-02 12:53:54.890146
Guardian,Delroy Lindo thankful for ‘love and support’ after N-word incident at Baftas,"<p>Lindo speaks out after man with Tourette syndrome shouted slur while actor was on stage with Michael B Jordan</p><p>British-American actor <a href=""https://www.theguardian.com/film/delroy-lindo"">Delroy Lindo</a> expressed gratitude for “the support and love” he and <a href=""https://www.theguardian.com/film/michael-b-jordan"">Michael B Jordan</a> have received after a man with Tourette syndrome (TS) <a href=""https://www.theguardian.com/film/2026/feb/24/bbc-apologises-to-staff-over-n-word-inclusion-as-bafta-announces-comprehensive-review"">shouted</a> the N-word as the two men presented a Bafta award.</p><p>“We appreciate all the support and love that we have been shown,” Lindo – who, like Jordan, is Black – said on stage at the annual NAACP Image awards in Los Angeles. He called it “a classic case of something that could be very negative becoming very positive”.</p> <a href=""https://www.theguardian.com/film/2026/mar/01/delroy-lindo-baftas-support-michael-b-jordan"">Continue reading...</a>","Sun, 01 Mar 2026 21:43:55 GMT",https://www.theguardian.com/film/2026/mar/01/delroy-lindo-baftas-support-michael-b-jordan,2026-03-02 12:53:54.890152
Guardian,Arkansas father rushing his sick child to hospital won’t face charges after officer rammed into his car,"<p>State trooper used Pit ramming maneuvre to stop Dillon Hess from speeding while transporting his son to hospital</p><ul><li><p><a href=""https://www.theguardian.com/news/2026/feb/17/sign-up-for-the-breaking-news-us-email-to-get-newsletter-alerts-direct-to-your-inbox?utm_medium=ACQUISITIONS_STANDFIRST&amp;utm_campaign=BN22326&amp;utm_content=signup&amp;utm_term=standfirst&amp;utm_source=GUARDIAN_WEB"">Sign up for the Breaking News US email to get newsletter alerts in your inbox</a></p></li></ul><p>An <a href=""https://www.theguardian.com/us-news/arkansas"">Arkansas</a> father speeding while transporting his sick child to the hospital will not face charges after a state police trooper used a vehicle-ramming technique known as a Pit maneuvre to stop his vehicle, authorities have said.</p><p>Officials said they have ruled out charges against the father, identified as Dillon Hess, who was speeding as he rushed his son to the hospital for emergency medical treatment after he suffered an allergic reaction, as the Arkansas Democrat-Gazette first <a href=""https://www.arkansasonline.com/news/2026/feb/27/arkansas-state-trooper-used-pit-maneuver-on-car/"">reported</a>.</p> <a href=""https://www.theguardian.com/us-news/2026/mar/01/arkansas-police-trooper-car-ramming-pit"">Continue reading...</a>","Sun, 01 Mar 2026 20:25:33 GMT",https://www.theguardian.com/us-news/2026/mar/01/arkansas-police-trooper-car-ramming-pit,2026-03-02 12:53:54.890165
Guardian,‘Peacemaker’ Trump starts a war with Iran – podcast,"<p>The US and Israel launched a joint military operation against Iran on Saturday, killing Iran’s supreme leader, Ayatollah Ali Khamenei.</p><p>Why did Trump decide (again) to attack Iran during negotiations on a nuclear deal with the Islamic Republic? How does he sell a new war in the Middle East, with potential US casualties, to people at home? What happens next for Iran?</p><p>In this special collaboration with <a href=""https://www.theguardian.com/news/series/todayinfocus"">Today in Focus</a>, Annie Kelly speaks to the Guardian’s diplomatic editor, Patrick Wintour.</p><p><em>Archive: CBS News, NBC News, PBS Newshour, CNN, Fox News</em></p> <a href=""https://www.theguardian.com/politics/audio/2026/mar/01/peacemaker-trump-starts-war-with-iran-podcast"">Continue reading...</a>","Sun, 01 Mar 2026 19:42:07 GMT",https://www.theguardian.com/politics/audio/2026/mar/01/peacemaker-trump-starts-war-with-iran-podcast,2026-03-02 12:53:54.890169
AlJazeera,Analysis: Khamenei’s killing leaves Iran’s ‘axis’ in disarray,"While Tehran warns it will ‘burn everything’, its proxies face a choice between suicidal revenge and local survival.","Mon, 02 Mar 2026 05:38:15 +0000",https://www.aljazeera.com/features/2026/3/2/hold-analysis-khameneis-killing-leaves-irans-axis-in-disarray?traffic_source=rss,2026-03-02 12:53:55.011283
AlJazeera,"After Iran’s salvo hit their skylines, will Gulf states enter the war?","Gulf states face an impossible choice after Iranian attacks: remain passive, or risk being seen as fighting with Israel.","Mon, 02 Mar 2026 05:36:56 +0000",https://www.aljazeera.com/features/2026/3/2/after-irans-salvo-hit-their-skylines-will-the-gulf-states-enter-the-war?traffic_source=rss,2026-03-02 12:53:55.011296
AlJazeera,Al Jazeera reports from Beirut as residents flee following Israeli strikes,Tens of thousands of Lebanese civilians are leaving areas in Beirut following Israeli strikes and forced displacement.,"Mon, 02 Mar 2026 03:55:18 +0000",https://www.aljazeera.com/video/newsfeed/2026/3/2/al-jazeera-reports-from-beirut-as-residents-flee-following-israeli-strikes?traffic_source=rss,2026-03-02 12:53:55.011301
AlJazeera,Israel bombs Beirut after Hezbollah fires rockets in Iran war retaliation,Israel has carried out heavy strikes in the southern suburbs of Lebanon’s capital Beirut.,"Mon, 02 Mar 2026 02:32:17 +0000",https://www.aljazeera.com/video/newsfeed/2026/3/2/israel-bombs-beirut-after-hezbollah-fires-rockets-in-iran-war-retaliation?traffic_source=rss,2026-03-02 12:53:55.011313
AlJazeera,Netanyahu vows increasing strikes on Tehran,"Israel’s prime minister says strikes on Tehran will increase in the coming days, with US support.","Mon, 02 Mar 2026 01:30:49 +0000",https://www.aljazeera.com/video/newsfeed/2026/3/2/netanyahu-vows-increasing-strikes-on-tehran?traffic_source=rss,2026-03-02 12:53:55.011318
AlJazeera,Poll suggests only a quarter of Americans support attacks on Iran,US lawmakers heap pressure on Trump following the first US soldier deaths after Khamenei&#039;s killing.,"Mon, 02 Mar 2026 01:20:02 +0000",https://www.aljazeera.com/news/2026/3/2/poll-suggests-only-a-quarter-of-americans-support-attacks-on-iran?traffic_source=rss,2026-03-02 12:53:55.011321
AlJazeera,Tehran comes under attack from new round of Israeli strikes,Videos show heavy bombardment of Tehran after Israel’s military said it had launched another wave of attacks on Iran.,"Mon, 02 Mar 2026 01:17:18 +0000",https://www.aljazeera.com/video/newsfeed/2026/3/2/tehran-comes-under-attack-from-new-round-of-israeli-strikes?traffic_source=rss,2026-03-02 12:53:55.011326
AlJazeera,Iraqi police disperse pro-Iran protesters near US embassy,Iraqi riot police fired warning shots and tear gas to disperse pro-Iran protesters near the US embassy in Baghdad.,"Mon, 02 Mar 2026 01:14:26 +0000",https://www.aljazeera.com/video/newsfeed/2026/3/2/raqi-police-disperse-pro-iran-protesters-near-us-embassy?traffic_source=rss,2026-03-02 12:53:55.011329
AlJazeera,"Anger on Pakistan streets, 20 dead, after US-Israel strike kills Khamenei",At least 20 people killed across Pakistan as demonstrations over strike on Tehran spiral into violence.,"Mon, 02 Mar 2026 01:02:36 +0000",https://www.aljazeera.com/news/2026/3/2/fury-on-pakistan-streets-20-dead-after-us-israel-strike-kills-khamenei?traffic_source=rss,2026-03-02 12:53:55.011332
AlJazeera,Israel bombs Beirut after Hezbollah launches rocket attack,Hezbollah says its attack is in response to the killing of Iran&#039;s Khamenei and &#039;in defence of Lebanon and its people&#039;.,"Mon, 02 Mar 2026 00:58:41 +0000",https://www.aljazeera.com/news/2026/3/2/israel-bombs-beirut-after-hezbollah-launches-rocket-attack?traffic_source=rss,2026-03-02 12:53:55.011335
AlJazeera,Dramatic moment Iran’s retaliatory missile barrage hits Israel,Israelis filmed the moment an Iranian missile broke through Israel’s air defence systems to strike a target.,"Mon, 02 Mar 2026 00:44:01 +0000",https://www.aljazeera.com/video/newsfeed/2026/3/2/dramatic-moment-irans-retaliatory-missile-barrage-hits-israel?traffic_source=rss,2026-03-02 12:53:55.011339
AlJazeera,UK PM Starmer says US can use UK bases for ‘defensive strikes’ on Iran,UK Prime Minister Keir Starmer says he’s accepted a request from the US to let his country’s military bases be used.,"Mon, 02 Mar 2026 00:42:33 +0000",https://www.aljazeera.com/video/newsfeed/2026/3/2/uk-pm-starmer-says-us-can-use-uk-bases-for-defensive-strikes-on-iran?traffic_source=rss,2026-03-02 12:53:55.011344
AlJazeera,Iranian ballistic missile strike on West Jerusalem,Several people have been injured after an Iranian ballistic missile struck a road in West Jerusalem.,"Mon, 02 Mar 2026 00:21:16 +0000",https://www.aljazeera.com/video/newsfeed/2026/3/2/iranian-ballistic-missile-strike-on-west-jerusalem?traffic_source=rss,2026-03-02 12:53:55.011348
AlJazeera,"Trump says likely more US casualties, attacks on Iran will continue",President Donald Trump has ⁠warned combat ⁠operations against Iran will continue until ‘all objectives ‌are achieved’.,"Mon, 02 Mar 2026 00:12:18 +0000",https://www.aljazeera.com/video/newsfeed/2026/3/2/trump-says-likely-more-us-casualties-attacks-on-iran-will-continue?traffic_source=rss,2026-03-02 12:53:55.011352
AlJazeera,Baby and patients evacuated as Israel attacks Tehran hospital,A baby in an incubator was evacuated along with patients from the Gandhi Hospital in northern Tehran after strikes.,"Mon, 02 Mar 2026 00:05:20 +0000",https://www.aljazeera.com/video/newsfeed/2026/3/2/baby-and-patients-evacuated-as-israel-attacks-tehran-hospital?traffic_source=rss,2026-03-02 12:53:55.011355
AlJazeera,"Hezbollah promises to confront US, Israel over Khamenei killing",The Lebanese armed group has not taken action against Israel or US assets since the attacks on Iran began on Saturday.,"Mon, 02 Mar 2026 00:03:31 +0000",https://www.aljazeera.com/news/2026/3/2/hezbollah-promises-to-confront-us-israel-over-khamenei-killing?traffic_source=rss,2026-03-02 12:53:55.011358
AlJazeera,"Iran live: Tehran says no talks, Trump sees more deaths, Israel hits Beirut","US president says attacks on Iran will continue until all objectives are met, as Tehran keeps up raids on US assets.","Mon, 02 Mar 2026 00:00:00 +0000",https://www.aljazeera.com/news/liveblog/2026/3/2/us-israel-attack-iran-live?traffic_source=rss,2026-03-02 12:53:55.011361
AlJazeera,Spanish Prime Minister condemns war on Iran as breach of international law,Spain’s Prime Minister Pedro Sanchez has condemned the US-Israel war on Iran as a breach of international law.,"Sun, 01 Mar 2026 23:59:02 +0000",https://www.aljazeera.com/video/newsfeed/2026/3/1/spanish-prime-minister-condemns-war-on-iran-as-breach-of-international-law?traffic_source=rss,2026-03-02 12:53:55.011365
AlJazeera,What are Iran’s weapons as it fights the US and Israel?,"Hit by Israeli and US missiles, Iran struck Israel and the Gulf hosts of US bases. What weapons power its response?","Sun, 01 Mar 2026 23:56:48 +0000",https://www.aljazeera.com/news/2026/3/1/what-are-irans-weapons-as-it-fights-the-us-and-israel?traffic_source=rss,2026-03-02 12:53:55.011369
AlJazeera,"Gunman kills two in Texas bar shooting, FBI probing ‘terrorism’ link","Suspect fired from SUV, then got out of the vehicle and opened fire with a rifle before being killed by officers.","Sun, 01 Mar 2026 23:29:44 +0000",https://www.aljazeera.com/news/2026/3/1/gunman-kills-two-in-texas-nightlife-shooting-fbi-probing-terrorism-link?traffic_source=rss,2026-03-02 12:53:55.011374
AlJazeera,How robust is the Iranian state system?,The Israeli-US strikes have put Iran under its greatest pressure since 1979.,"Sun, 01 Mar 2026 23:10:40 +0000",https://www.aljazeera.com/video/inside-story/2026/3/1/how-robust-is-the-iranian-state-system?traffic_source=rss,2026-03-02 12:53:55.011377
AlJazeera,Blasts heard in Kabul as Pakistan-Afghanistan conflict continues,Kabul reports a thwarted strike on Bagram air base as international calls for a ceasefire go unheeded.,"Sun, 01 Mar 2026 23:09:38 +0000",https://www.aljazeera.com/news/2026/3/1/blasts-heard-in-kabul-as-pakistan-afghanistan-conflict-continues?traffic_source=rss,2026-03-02 12:53:55.011380
AlJazeera,"Iranian missiles light up skies over Israel, occupied West Bank","Iranian missiles were seen over Tel Aviv and the occupied West Bank, reportedly breaking through Israeli defences.","Sun, 01 Mar 2026 23:06:10 +0000",https://www.aljazeera.com/video/newsfeed/2026/3/1/iranian-missiles-light-up-skies-over-israel-occupied-west-bank?traffic_source=rss,2026-03-02 12:53:55.011382
AlJazeera,"Trump vows to continue attacks on Iran, says more US troops ‘likely’ to die","US president says attacks will continue until &#039;all objectives&#039; are met, despite earlier floating diplomatic off-ramps.","Sun, 01 Mar 2026 22:51:32 +0000",https://www.aljazeera.com/news/2026/3/1/trump-vows-to-continue-attacks-on-iran-says-more-us-troops-likely-to-die?traffic_source=rss,2026-03-02 12:53:55.011387
CNN,Retail spending fell in March as consumers pull back,Spending at US retailers fell in March as consumers pulled back amid recessionary fears fueled by the banking crisis.,"Fri, 14 Apr 2023 14:29:52 GMT",https://www.cnn.com/2023/04/14/economy/march-retail-sales/index.html,2026-03-02 12:53:56.603931
CNN,Silicon Valley Bank collapse renews calls to address disparities impacting entrepreneurs of color,"When customers at Silicon Valley Bank rushed to withdraw billions of dollars last month, venture capitalist Arlan Hamilton stepped in to help some of the founders of color who panicked about losing access to payroll funds.","Thu, 13 Apr 2023 21:13:04 GMT",https://www.cnn.com/2023/04/13/business/silicon-valley-bank-entrepreneurs-of-color-reaj/index.html,2026-03-02 12:53:56.603943
CNN,"Not only is Lake Powell's water level plummeting because of drought, its total capacity is shrinking, too","Lake Powell, the second-largest human-made reservoir in the US, has lost nearly 7% of its potential storage capacity since 1963, when Glen Canyon Dam was built, a new report shows.","Mon, 21 Mar 2022 19:54:24 GMT",https://www.cnn.com/2022/03/21/us/lake-powell-capacity-shrinking-drought-climate/index.html,2026-03-02 12:53:56.603946
CNN,Big-box stores could help slash emissions and save millions by putting solar panels on roofs. Why aren't more of them doing it?,"As the US attempts to wean itself off its heavy reliance on fossil fuels and shift to cleaner energy sources, many experts are eyeing a promising solution: your neighborhood big-box stores and shopping malls.","Sun, 20 Mar 2022 07:01:50 GMT",https://www.cnn.com/2022/03/20/us/solar-power-on-big-box-store-rooftops-climate/index.html,2026-03-02 12:53:56.603954
CNN,Look of the Week: Blackpink headline Coachella in Korean hanboks,"Bringing the second day of this year's Coachella to a close, K-Pop girl group Blackpink made history Saturday night when they became the first Asian act to ever headline the festival. To a crowd of, reportedly, over 125,000 people, Jennie, Jisoo, Lisa and Rosé used the ground-breaking moment to pay homage to Korean heritage by arriving onstage in hanboks: a traditional type of dress.","Tue, 18 Apr 2023 15:39:40 GMT",https://www.cnn.com/style/article/blackpink-coachella-2023-hanboks-lotw/index.html,2026-03-02 12:53:56.603961
CNN,Scientists identify secret ingredient in Leonardo da Vinci paintings,"""Old Masters"" such as Leonardo da Vinci, Sandro Botticelli and Rembrandt may have used proteins, especially egg yolk, in their oil paintings, according to a new study.","Thu, 30 Mar 2023 17:43:18 GMT",https://www.cnn.com/style/article/old-masters-da-vinci-egg-yolk-painting-scn/index.html,2026-03-02 12:53:56.603963
CNN,They bought an abandoned 'ghost house' in the Japanese countryside,"He'd spent years backpacking around the world, and Japanese traveler Daisuke Kajiyama was finally ready to return home to pursue his long-held dream of opening up a guesthouse.","Mon, 10 Apr 2023 12:22:59 GMT",https://www.cnn.com/travel/article/couple-turned-abandoned-japanese-home-into-guest-house/index.html,2026-03-02 12:53:56.603994
CNN,"Nelly Cheboi, who creates computer labs for Kenyan schoolchildren, is CNN's Hero of the Year",Celebrities and musicians are coming together tonight to honor everyday people making the world a better place.,"Mon, 12 Dec 2022 10:38:27 GMT",https://www.cnn.com/2022/12/11/us/cnn-heroes-all-star-tribute-hero-of-the-year/index.html,2026-03-02 12:53:56.604005
CNN,Turn Your Rising Home Equity Into Cash You Can Use,,,https://www.lendingtree.com/?splitterid=home-equity&cproduct=he&cchannel=content&csource=cnn&cmethod=heform&ccreative=risingequitycash_housemoneystack&placement_name=sectionfronts&ad_headline=risingequitycash&ad_image_name=housemoneystack&ctype=sectionfronts&bdst=revshare&mtaid=AC53E&esourceid=6348616,2026-03-02 12:53:56.604019
